id,title,description,availability,condition,price,link,image_link,brand,product_type
TKSCHMDP0005,"Traditional Bride and Groom Chairs","Rent Traditional Bride and Groom Chairs for events in Colombo and suburbs. Also known as throne chairs, mandap seating, or wedding bridal chairs. Perfect for wedding ceremonies, engagements, receptions, and special events. ",in stock,new,LKR 15000,https://eventrentals.lk/product/bride-and-groom-chairs/,https://eventrentals.lk/wp-content/uploads/2026/06/bride-and-groom-chairs-wm.jpg,The Kairos Store,Furniture
None,"Vintage Candy Sweets Cart","Rent a beautiful Vintage Candy Sweets Cart at Rs.5,000 for events in Colombo and suburbs. A charming white vintage-style sweet cart with canopy roof. Note: wheels are for display purposes only. Perfect for weddings, parties, and special celebrations. ",in stock,new,LKR 5000,https://eventrentals.lk/product/vintage-candy-sweets-cart/,https://eventrentals.lk/wp-content/uploads/2026/06/vintage-candy-sweets-cart.jpg,The Kairos Store,All Products / Decor
TKSMIRR0010,"Round Mirror","Round mirror for table centrepieces and event decor in Sri Lanka. 2ft diameter. Perfect as a reflective base for elaborate centrepieces at weddings and events. ",in stock,new,LKR 750,https://eventrentals.lk/product/round-mirror/,https://eventrentals.lk/wp-content/uploads/2026/04/1000130950.jpg,The Kairos Store,All Products / Decor
TKSTABCAFE0001,"Beautiful Round Cafe Table","Beautiful round cafe table for rent in Sri Lanka. 2ft diameter top, 28 inch height, seats 2-4 chairs. Great for High-tea evenings, coffee mornings, or mixed lounge seating spaces at events. ",in stock,new,LKR 4000,https://eventrentals.lk/product/beautiful-round-cafe-table/,https://eventrentals.lk/wp-content/uploads/2026/06/garden-coffee-table-round-1.jpg,The Kairos Store,All Products / Furniture
TKS-LDT610-1,"Drapes - Black","Rent Drapes &#8211; Black at Rs.2500 for events in Colombo and suburbs. Book online. ",in stock,new,LKR 2500,https://eventrentals.lk/product/drapes-black/,https://eventrentals.lk/wp-content/uploads/2026/03/openart-sample_1773658869337_c35bb6bd.webp,The Kairos Store,Decor
TKSFL1005,"Battery Operated Fairy Lights","Battery Operated Fairy Lights for rent in Colombo. Battery operated fairy lights that create a magical, twinkling ambiance for weddings, evening events, tents, and outdoor celebrations. ",in stock,new,LKR 500,https://eventrentals.lk/product/battery-operated-fairy-lights/,https://eventrentals.lk/wp-content/uploads/2026/02/openart-image_R5lRODa__1770622892433_raw.jpg,The Kairos Store,All Products
TKS-Gen-1063,"Rustic Cart – Food Station, Charcuterie &amp; Bar Cart for Events","Rent Rustic Cart – Food Station, Charcuterie &amp; Bar Cart at Rs.10000 for events in Colombo and suburbs. Book online. ",in stock,new,LKR 10000,https://eventrentals.lk/product/mobile-stall-cart/,https://eventrentals.lk/wp-content/uploads/2025/11/1000268168.jpg,The Kairos Store,Bars / Decor / Furniture
TKSBARBACK0001,"Bar Back","Bar back for event bars in Colombo. Behind-the-bar storage for bottles, glassware, and bar tools. Perfect for cocktail bars, wedding bars, and beverage stations. ",in stock,new,LKR 15000,https://eventrentals.lk/product/bar-back/,https://eventrentals.lk/wp-content/uploads/2025/10/1000263395.jpg,The Kairos Store,Bars / Furniture
TKS-Gen-1062,"Classic 30ml Heavy-Base Tequila Shot Glass","Rent Classic 30ml Heavy-Base Tequila Shot Glass at Rs.50 for events in Colombo and suburbs. Book online. ",in stock,new,LKR 50,https://eventrentals.lk/product/tequila-shot-glass/,https://eventrentals.lk/wp-content/uploads/2025/10/Tequila-Shot-Glasses.jpg,The Kairos Store,Drinkware
TKS-RGC-1001,"Elegant Rose Gold Cutlery","Rent Elegant Rose Gold Cutlery at Rs.500 for events in Colombo and suburbs. Book online. ",in stock,new,LKR 500,https://eventrentals.lk/product/rose-gold-cutlery/,https://eventrentals.lk/wp-content/uploads/2025/09/openart-image_EQxuDeWK_1758115179903_raw.jpg,The Kairos Store,Cutlery / All Products / Dinnerware / Tableware
EXTMARQ00CPT,"Canopy Tent","Canopy Tent for rent in Colombo. Versatile canopy tent providing shade and shelter for outdoor events, weddings, markets, and garden parties. ",in stock,new,LKR 4000,https://eventrentals.lk/product/canopy-tent/,https://eventrentals.lk/wp-content/uploads/2025/08/1000251627.jpg,The Kairos Store,All Products / Furniture / Stunning Structures
TKS-LF-TS-0001A,"Event Florals: Fresh Table Scapes","Event Florals: Fresh Table Scapes 
Discover exquisite fresh flower table scapes by renowned florist Le Fleuriste, exclusively at Eventrentals.lk. Elevate your event with stunning, handcrafted floral designs. 
Instagram: <a href=""https://www.instagram.com/lefleuristebyumangga/"">Le Fleuriste</a> ",in stock,new,LKR 0,https://eventrentals.lk/product/event-florals-fresh-table-scapes-2/,https://eventrentals.lk/wp-content/uploads/2025/07/EventRentals.lk-Le-Fleuriste-10.jpg,The Kairos Store,All Products / Decor / Le Fleuriste
TKSDRKL0001,"Exclusive Deal! Bars and Bar Theme Offer for Drunken Lankan","<b>Jazz up your celebration with the perfect stage for Sri Lanka&#8217;s finest cocktail artisans.</b> 
<span class=""citation-7"">You&#8217;ve secured the premier bar team in the country with <a href=""https://drunkenlankanbar.com/"">Drunken Lankan</a></span>; now, give them the stunning platform they deserve. This exclusive offer is specially curated for clients who book the exceptional mobile bar services of our partner, <a href=""https://drunkenlankanbar.com/"">Drunken Lankan</a>. 
As a clie",in stock,new,LKR 0,https://eventrentals.lk/product/exclusive-deal-bars-and-bar-theme-offer-for-drunken-lankan/,https://eventrentals.lk/wp-content/uploads/2025/07/Drunken-Lankan.jpg,The Kairos Store,All Products
TKSERLIGHTMLS-10001,"Moroccan Lantern","Moroccan Lantern for rent in Colombo. Beautiful Moroccan lantern that creates exotic, warm lighting for events. ",in stock,new,LKR 400,https://eventrentals.lk/product/moroccan-lantern/,https://eventrentals.lk/wp-content/uploads/2025/07/Mini-Moroccan-Lanterns-1.jpeg,The Kairos Store,Decor / Lighting
TKS-Gen-1060,"Balloon Backdrop","Balloon backdrop for rent in Colombo. Stunning photo-worthy backdrop for birthdays, engagements, weddings, corporate events, and celebrations. ",in stock,new,LKR 35000,https://eventrentals.lk/product/balloon-backdrop/,https://eventrentals.lk/wp-content/uploads/2025/07/1000222189.jpg,The Kairos Store,Decor / Props
TKS-AOS-1026,"Personnel - Events Model for Champagne Skirt","Events model for champagne skirt hire in Colombo. Professional model to present and serve from a champagne skirt at weddings, galas, corporate launches, and VIP events. ",in stock,new,LKR 25000,https://eventrentals.lk/product/personnel-events-model-for-champagne-skirt/,https://eventrentals.lk/wp-content/uploads/2022/03/Champagne-Sturcture-2.jpg,The Kairos Store,Personnel / Event Services
TKSDECSW0002,"Shot Wall","Rent Shot Wall at Rs.20000 for events in Colombo and suburbs. Book online. ",in stock,new,LKR 20000,https://eventrentals.lk/product/shot-wall/,https://eventrentals.lk/wp-content/uploads/2025/06/Shot-Wall-3.jpeg,The Kairos Store,Bars / All Products / Decor / Drunken Lankan / Furniture
TKSNORSOUP0001-1,"Noritake Conifere Soup Plate","Noritake Conifere soup plate for rent in Colombo. Premium 9-inch Japanese fine dining plate for soups, pastas, and starters at weddings and formal events. ",in stock,new,LKR 80,https://eventrentals.lk/product/noritake-conifere-soup-plate/,https://eventrentals.lk/wp-content/uploads/2024/03/Noritake-Conifere-Soup-Plate.jpg,The Kairos Store,Dinnerware / Catering / Fine Dining
TKSNORDESBOW0001-1,"Noritake Conifere Dessert Bowl","Noritake Conifere Dessert Bowl for rent in Colombo. Premium Noritake Conifere dessert bowl from the renowned Japanese fine dining collection. ",in stock,new,LKR 100,https://eventrentals.lk/product/noritake-conifere-dessert-bowl/,https://eventrentals.lk/wp-content/uploads/2025/05/Noritake-Conifere-Dessert-Bowls-1.jpeg,The Kairos Store,Dinnerware / All Products / Catering / Fine Dining / Tableware
TKSDINC1005-1,"Noritake Oval Platter","Noritake Oval Platter for rent in Colombo. Premium Noritake oval platter from the renowned Japanese fine dining collection. ",in stock,new,LKR 350,https://eventrentals.lk/product/noritake-oval-platter/,https://eventrentals.lk/wp-content/uploads/2023/11/Noritake-5.jpg,The Kairos Store,Dinnerware / All Products / Catering / Fine Dining / Tableware
TKSBAR-GG001,"Glitzy Glamorous Gold Bar","Glitzy glamorous gold bar for rent in Colombo. Show-stopping luxury bar setup for VIP receptions, milestone birthdays, weddings, and galas. ",in stock,new,LKR 125000,https://eventrentals.lk/product/glitzy-glamorous-gold-bar/,https://eventrentals.lk/wp-content/uploads/2025/02/1740552305175.jpg,The Kairos Store,Bars / Drunken Lankan / Furniture
TKSBAR-RWH001,"Elegant White Round Bar","<h3 id=""elegant-white-round-bar"">Elegant White Round Bar</h3>
Transform your event into a chic soirée with our <strong>Elegant White Round Bar</strong>! 🍸 This stunning centerpiece is perfect for serving up signature cocktails and dazzling your guests while they sip in style.  
Crafted to blend seamlessly into any theme, this bar is not just eye-catching—it&#8217;s also a conversation starter! With its sleek design and ample surface space, it’s ready to host everything from corporate gathering",in stock,new,LKR 75000,https://eventrentals.lk/product/elegant-white-round-bar/,https://eventrentals.lk/wp-content/uploads/2025/02/1000194485.jpg,The Kairos Store,Bars / All Products / Drunken Lankan / Furniture
TKS-FSF911-2,"Mandap Swing","Rent Mandap Swing at Rs.30,000 for events in Colombo and suburbs. Perfect for weddings and special ceremonies. Book online. ",in stock,new,LKR 30000,https://eventrentals.lk/product/mandap-furniture-swing/,https://eventrentals.lk/wp-content/uploads/2025/01/IMG_20240907_104457.jpg,The Kairos Store,Furniture / Decor
TKSBARJG-00,"Stunning Jade Green Round Bar","Rent Stunning Jade Green Round Barfor events in Colombo and suburbs. Book online. ",in stock,new,LKR 75000,https://eventrentals.lk/product/stunning-jade-green-round-bar/,https://eventrentals.lk/wp-content/uploads/2024/11/Jade-Green-Half-Bar-1.jpeg,The Kairos Store,Bars / All Products / Drunken Lankan / Furniture
TKSDWWP7-001,"Wood Platters 7""","Rent Wood Platters 7&#8243; at Rs.250 for events in Colombo and suburbs. Book online. ",in stock,new,LKR 250,https://eventrentals.lk/product/wooden-platters-7/,https://eventrentals.lk/wp-content/uploads/2024/11/Wooden-Platter.jpg,The Kairos Store,All Products / Decor / Dinnerware
TKS-Gen-1036,"Vanity Mirror with Warm White Lighting","Vanity mirror with warm white lighting for rent in Colombo. Hollywood glamour mirror with 5 watt bulbs that beautifully highlight your reflection. Perfect for bridal suites, dressing rooms, and VIP lounges. ",in stock,new,LKR 10000,https://eventrentals.lk/product/vanity-mirror-with-dimmable-warm-white-lighting/,https://eventrentals.lk/wp-content/uploads/2024/11/1000159015-scaled.jpg,The Kairos Store,Decor / Furniture / Lighting
TKSER LIGHT-10001,"Fairy Lights for Marquee","Rent Fairy Lights for Marquee at Rs.45 for events in Colombo and suburbs. Book online. ",in stock,new,LKR 45,https://eventrentals.lk/product/fairy-lights-for-marquee/,https://eventrentals.lk/wp-content/uploads/2024/10/OOO_2613.jpg,The Kairos Store,All Products / Lighting
TLSDECVASE0001,"Glass Vase","Rent Glass Vase &#8211; Tall Roundfor events in Colombo and suburbs. Book online. ",in stock,new,LKR 350,https://eventrentals.lk/product/glass-vase-tall-round/,https://eventrentals.lk/wp-content/uploads/2024/08/Glass-Vase.jpg,The Kairos Store,Decor
TKSGLWMG0001,"Margarita Glass","Rent Margarita Glass at Rs.100 for events in Colombo and suburbs. Book online. ",in stock,new,LKR 100,https://eventrentals.lk/product/margarita-glass/,https://eventrentals.lk/wp-content/uploads/2024/08/Margarita-Glass-1.jpg,The Kairos Store,Drinkware / All Products
TKS-Gen-1035,"Spot Lights - Outdoor","Outdoor spot lights for rent in Colombo. Powerful event lighting for pathways, stages, entrance areas, and outdoor dining at evening events and celebrations. ",in stock,new,LKR 1500,https://eventrentals.lk/product/spot-lights-outdoor/,https://eventrentals.lk/wp-content/uploads/2024/08/ER-Spot-Lights-2.jpg,The Kairos Store,Decor / Lighting
TKSDECSP0001,"Beautiful Seating Plan Arch for Rent","Rent Beautiful Seating Plan Arch for Rent at Rs.25000 for events in Colombo and suburbs. Book online. ",in stock,new,LKR 25000,https://eventrentals.lk/product/beautiful-seating-plan-arch-for-rent/,https://eventrentals.lk/wp-content/uploads/2024/07/Beautiful-Seating-Plan-Arch.jpg,The Kairos Store,All Products / Decor
TKSDECGDM0001,"Gold Dressing Mirror","Rent Gold Dressing Mirror at Rs.2500 for events in Colombo and suburbs. Book online. ",in stock,new,LKR 2500,https://eventrentals.lk/product/gold-dressing-mirror/,https://eventrentals.lk/wp-content/uploads/2024/06/Gold-Dressing-Mirror.webp,The Kairos Store,Decor
EXTFAN0010,"Cooler Fan for Comfortable Events","Rent Cooler Fan for Comfortable Events at Rs.10000 for events in Colombo and suburbs. Book online. ",in stock,new,LKR 10000,https://eventrentals.lk/product/cooler-fan/,https://eventrentals.lk/wp-content/uploads/2024/05/Cooler-fan.jpg,The Kairos Store,All Products
TKSELE1001,"Mounted Industrial Fan for Marquees","Mounted industrial fan for marquees in Colombo. Mounts on cross beams of marquees. Heavy-duty cooling for outdoor weddings, corporate events, and garden parties. ",in stock,new,LKR 3000,https://eventrentals.lk/product/mounted-industrial-fan-for-marquees/,https://eventrentals.lk/wp-content/uploads/2024/02/1000096069.jpg,The Kairos Store,Equipment / Event Essentials
TKS-LTC005-1-1,"Velvet Tablecloth - Muted Orange","Rent Velvet Tablecloth &#8211; Muted Orange at Rs.3000 for events in Colombo and suburbs. Book online. ",in stock,new,LKR 3000,https://eventrentals.lk/product/velvet-tablecloth-muted-orange/,https://eventrentals.lk/wp-content/uploads/2024/01/Burnt-Orange1.jpg,The Kairos Store,Linen
TKS-LTC005-1,"Velvet Tablecloth - Emerald Green","Rent Velvet Tablecloth &#8211; Emerald Green at Rs.3000 for events in Colombo and suburbs. Book online. ",in stock,new,LKR 3000,https://eventrentals.lk/product/velvet-tablecloth-emerald-green/,https://eventrentals.lk/wp-content/uploads/2024/01/10-Yards-Velvet-Fabric-Roll-Emerald-Green-CU_886a744a-1ae9-498b-bb90-3cb28a3190cb.jpg,The Kairos Store,Linen
TKSDINBOW0001,"Noritake Conifere Bowl","Noritake Conifere bowl for rent in Colombo. Premium 6-inch Japanese fine dining bowl for desserts, salads, and side dishes at weddings and formal events. ",in stock,new,LKR 100,https://eventrentals.lk/product/noritake-conifere-bowl/,https://eventrentals.lk/wp-content/uploads/2023/12/Bowl1-1.jpg,The Kairos Store,Dinnerware / Catering / Fine Dining / Tableware
TKSCAT0001,"3 Tier High Tea Stand","Rent 3 Tier High Tea Stand at Rs.1000 for events in Colombo and suburbs. Book online. ",in stock,new,LKR 1000,https://eventrentals.lk/product/3-tier-high-tea-stand/,https://eventrentals.lk/wp-content/uploads/2023/12/3-Tier-Gold-High-Tea-Stand.png,The Kairos Store,All Products / Catering
TKSDINCP0001,"Noritake Conifere Cocktail / BB Plate","Rent Noritake Conifere Cocktail / BB Plate at Rs.60 for events in Colombo and suburbs. Book online. ",in stock,new,LKR 60,https://eventrentals.lk/product/noritake-conifere-cocktail-bb-plate/,https://eventrentals.lk/wp-content/uploads/2023/11/Noritake-4.jpg,The Kairos Store,Dinnerware / All Products / Catering / Fine Dining / Tableware
TKSDINC1006,"Noritake Conifere Salad / Side Plate","Rent Noritake Conifere Salad / Side Plate at Rs.80 for events in Colombo and suburbs. Book online. ",in stock,new,LKR 80,https://eventrentals.lk/product/noritake-conifere-salad-side-plate/,https://eventrentals.lk/wp-content/uploads/2024/01/Noritake-3.png,The Kairos Store,Dinnerware / All Products / Catering / Fine Dining / Tableware
TKSDINC1005,"Noritake Conifere Dinner Plate","Noritake Conifere Dinner Plate for rent in Colombo. Premium Noritake Conifere dinner plate from the renowned Japanese fine dining collection. ",in stock,new,LKR 100,https://eventrentals.lk/product/luxurious-noritake-conifere-dinner-plate/,https://eventrentals.lk/wp-content/uploads/2023/11/Noritake-2.jpg,The Kairos Store,Dinnerware / All Products / Catering / Fine Dining / Tableware
TKSDECA1010,"Reflective Elegance: Chic 1ft x 1ft Square Table Mirror","<strong>Add a touch of modern elegance to your event tables with our <em>Reflective Elegance: Chic 1ft x 1ft Square Table Mirror</em>. Perfect for creating sophisticated and stylish settings.</strong> ",in stock,new,LKR 250,https://eventrentals.lk/product/reflective-elegance-chic-1ft-x-1ft-square-table-mirror/,https://eventrentals.lk/wp-content/uploads/2023/11/Table-Decor-Mirrors2-1.jpg,The Kairos Store,Decor
TKSCUTCF0001,"Sleek 3-Tine Cocktail Fork","Rent Sleek 3-Tine Cocktail Fork at Rs.50 for events in Colombo and suburbs. Book online. ",in stock,new,LKR 30,https://eventrentals.lk/product/sleek-3-tine-cocktail-fork/,https://eventrentals.lk/wp-content/uploads/2023/11/Cocktail-Fork.jpg,The Kairos Store,Cutlery / Catering / Tableware
TKSLINTC0010,"Stretch Tablecloth","Rent Stretch Tableclothfor events in Colombo and suburbs. Book online. ",in stock,new,LKR 1000,https://eventrentals.lk/product/stretch-tablecloth/,https://eventrentals.lk/wp-content/uploads/2023/10/Stretch-Fit-Tablecloth1.jpeg,The Kairos Store,Linen
TKSFURA1010,"Elegant White Bar","Stunning White Bar – a blend of elegance and utility, crafted beautifully and tailored for memorable events. ",in stock,new,LKR 50000,https://eventrentals.lk/product/elegant-white-bar/,https://eventrentals.lk/wp-content/uploads/2023/10/img_20231001_151515_8645397769909190253282.jpg,The Kairos Store,Bars / Drunken Lankan / Furniture / Stunning Structures
TKSFURA1009,"U Bar","<h3 id=""u-bar---the-life-of-the-party-🍹"">U Bar &#8211; The Life of the Party! 🍹</h3>
Looking to elevate your event with a touch of flair? Meet the <strong>U Bar</strong>! This chic, stylish bar is more than just a place to serve drinks; it’s an experience in itself.  
Crafted to impress, the U Bar boasts a unique <strong>U-shape</strong> design that encourages mingling and conversation. Perfect for weddings, corporate gatherings, or any celebration where you want your guests to feel at home (a",in stock,new,LKR 37500,https://eventrentals.lk/product/wooden-u-bar/,https://eventrentals.lk/wp-content/uploads/2023/09/OOO_2654.jpg,The Kairos Store,Bars / All Products / Drunken Lankan / Furniture
TKSBAR10001,"Vintage-Inspired Double-Sided Bar Menu Chalkboard","Rent Vintage-Inspired Double-Sided Bar Menu Chalkboard at Rs.1500 for events in Colombo and suburbs. Book online. ",in stock,new,LKR 1500,https://eventrentals.lk/product/bar-menu-chalkboard-stand/,https://eventrentals.lk/wp-content/uploads/2023/09/Bar-Menu-Stand1-1.jpg,The Kairos Store,Decor / Catering / Furniture
TKSCATST0001,"Anti Skid Round Serving Tray","Rent Anti Skid Round Serving Tray at Rs.300 for events in Colombo and suburbs. Book online. ",in stock,new,LKR 300,https://eventrentals.lk/product/serving-tray/,https://eventrentals.lk/wp-content/uploads/2023/09/Serving-Tray-Anti-Skid-18-inches-4.jpg,The Kairos Store,Catering
TKSCATA1005,"Contemporary Soup Tureen","Rent Contemporary Soup Tureen at Rs.2500 for events in Colombo and suburbs. Book online. ",in stock,new,LKR 2500,https://eventrentals.lk/product/soup-tureen/,https://eventrentals.lk/wp-content/uploads/2023/08/Soup-Tureen.png,The Kairos Store,Catering
TKSCUTSS0001,"Classic Soup Spoon","Rent Classic Soup Spoon at Rs.50 for events in Colombo and suburbs. Book online. ",in stock,new,LKR 30,https://eventrentals.lk/product/classic-soup-spoon/,https://eventrentals.lk/wp-content/uploads/2023/08/Soup-Spoon-2.jpg,The Kairos Store,Cutlery / Catering / Tableware
TKSCATA1004,"Chafing Dish Gel Burner Fuel","Rent Chafing Dish Gel Burner Fuel at Rs.425 for events in Colombo and suburbs. Book online. ",in stock,new,LKR 425,https://eventrentals.lk/product/chafing-dish-burner-fuel/,https://eventrentals.lk/wp-content/uploads/2023/07/ER-Images1-3.jpg,The Kairos Store,Catering
TKSFURA1008,"The Booze Barrow","<h3 id=""the-booze-barrow-🍹🍻"">The Booze Barrow 🍹🍻</h3>
Introducing <strong>The Booze Barrow</strong> – the life of the party and your new best friend! This charming mobile gold painted bar is not just a transport solution for drinks; it’s a conversation starter that rolls right into the heart of your event. 
With a rustic design that screams “good vibes only,” this barrow is perfect for weddings, corporate gatherings, or any celebration where libations are served. 
Imagine your guests mingling ",in stock,new,LKR 5000,https://eventrentals.lk/product/the-booze-barrow/,https://eventrentals.lk/wp-content/uploads/2023/07/1000263325.jpg,The Kairos Store,Props / Bars / Furniture
TKSLTC0021,"Tablecloth","Rent Luxurious Premium Tablecloth for Elegant Table Settingsfor events in Colombo and suburbs. Book online. ",in stock,new,LKR 3000,https://eventrentals.lk/product/tablecloth/,https://eventrentals.lk/wp-content/uploads/2023/06/Crisp-White.jpg,The Kairos Store,Linen / All Products
TKSGLWMT0001,"Exquisite Martini Glass for Sophisticated Cocktails","Rent Exquisite Martini Glass for Sophisticated Cocktails at Rs.150 for events in Colombo and suburbs. Book online. ",in stock,new,LKR 150,https://eventrentals.lk/product/exquisite-martini-glass-for-sophisticated-cocktails/,https://eventrentals.lk/wp-content/uploads/2023/06/Martini-Glass.jpg,The Kairos Store,Drinkware
TKSFURA1001,"Enchanting Slumber Party Tents - Create Magical Sleepovers for Kids","Rent Enchanting Slumber Party Tents &#8211; Create Magical Sleepovers for Kids at Rs.4000 for events in Colombo and suburbs. Book online. ",in stock,new,LKR 4000,https://eventrentals.lk/product/slumber-party/,https://eventrentals.lk/wp-content/uploads/2023/04/Kids-Tents4.jpg,The Kairos Store,Furniture
TKSFURCTS0001,"Chic Black Square Panelled Cocktail Table with Glass Top","<iframe title=""Cocktail Tables BY EventRentals.lk"" width=""1080"" height=""608"" src=""https://www.youtube.com/embed/Qv_J38ScJKw?feature=oembed""  allow=""accelerometer; autoplay; clipboard-write; encrypted-media; gyroscope; picture-in-picture; web-share"" allowfullscreen></iframe> 
Elevate your event with our Chic Black Square Panelled Cocktail Table. Modern elegance meets versatility. ",in stock,new,LKR 2000,https://eventrentals.lk/product/panelled-cocktail-table/,https://eventrentals.lk/wp-content/uploads/2023/03/1000078132.jpg,The Kairos Store,Bars / Decor / Drunken Lankan / Furniture
TKSDECBD0001,"Backdrop Frame","Rent Backdrop Framefor events in Colombo and suburbs. Book online. ",in stock,new,LKR 2500,https://eventrentals.lk/product/backdrop/,https://eventrentals.lk/wp-content/uploads/2023/03/Backdrop-Frame1.jpg,The Kairos Store,Decor
JLFRC0002,"Event Stanchions Queue Pole with Red Rope","Rent Event Stanchions Queue Pole with Red Ropefor events in Colombo and suburbs. Book online. ",in stock,new,LKR 500,https://eventrentals.lk/product/stanchions/,https://eventrentals.lk/wp-content/uploads/2023/02/Stanchion1.jpg,The Kairos Store,Decor
JLFRC0001,"Radiant Red Carpet","Rent Radiant Red Carpet at Rs.7500 for events in Colombo and suburbs. Book online. ",in stock,new,LKR 7500,https://eventrentals.lk/product/red-carpet/,https://eventrentals.lk/wp-content/uploads/2023/02/Red-Carpet1.png,The Kairos Store,Decor
TKSDEC-Sashes,"Cocktail Table Ties","Rent Cocktail Table Tiesfor events in Colombo and suburbs. Book online. ",in stock,new,LKR 250,https://eventrentals.lk/product/cocktail-table-ties/,,The Kairos Store,Linen
TKSDECA1002,"Cane Basket","Cane basket for rent in Colombo. Beautifully crafted basket for mehndi ceremonies, traditional events, weddings, and cultural celebrations. ",in stock,new,LKR 500,https://eventrentals.lk/product/cane-basket/,https://eventrentals.lk/wp-content/uploads/2022/05/WhatsApp-Image-2022-05-25-at-2.19.41-PM.jpeg,The Kairos Store,Decor
TKSCATSU0001,"Serving Utensils","Serving Utensils for rent in Colombo. Quality serving utensils for catering events, buffets, and formal dinners. ",in stock,new,LKR 50,https://eventrentals.lk/product/serving-utensils/,https://eventrentals.lk/wp-content/uploads/2023/02/rice-spoon-steel.jpg,The Kairos Store,All Products / Catering
INDBUFW0001,"Buffet Table","Buffet Table for rent in Colombo. Sturdy buffet table perfect for catering events, wedding receptions, and party buffets. ",in stock,new,LKR 2500,https://eventrentals.lk/product/buffet-table/,https://eventrentals.lk/wp-content/uploads/2023/02/Buffet-Table1.jpg,The Kairos Store,All Products / Catering
ANS0002,"Band Stage","Rent Band Stage at Rs.250 for events in Colombo and suburbs. Book online. ",in stock,new,LKR 250,https://eventrentals.lk/product/band-stage/,https://eventrentals.lk/wp-content/uploads/2023/02/Band-Stage1.jpg,The Kairos Store,Sound &amp; Video
ANS0001,"Floor Decking","Floor Decking for rent in Colombo. Professional floor decking for outdoor events, creating a stable and elegant surface for marquees, stages, and reception areas. ",in stock,new,LKR 120,https://eventrentals.lk/product/floor-decking/,https://eventrentals.lk/wp-content/uploads/2023/02/1000123611.jpg,The Kairos Store,Event Services
TKSGLCH0001,"Elegant Champagne Flute Glass for Sparkling Celebrations","Rent Elegant Champagne Flute Glass for Sparkling Celebrations at Rs.100 for events in Colombo and suburbs. Book online. ",in stock,new,LKR 100,https://eventrentals.lk/product/beautiful-champagne-flute-glasses/,https://eventrentals.lk/wp-content/uploads/2023/02/Champagne-Flute-Glass1.jpg,The Kairos Store,Drinkware
TKSGWGOB0001,"Elegant Water Goblets","Rent Elegant Water Goblets at Rs.75 for events in Colombo and suburbs. Book online. ",in stock,new,LKR 75,https://eventrentals.lk/product/water-goblet/,https://eventrentals.lk/wp-content/uploads/2023/02/Water-Goblet1-1.jpg,The Kairos Store,Drinkware
IND0026,"Dip Bowls","Dip Bowls for rent in Colombo. Perfect dip bowls for catering, parties, and events. ",in stock,new,LKR 80,https://eventrentals.lk/product/dip-bowls/,https://eventrentals.lk/wp-content/uploads/2023/02/1000230693.jpg,The Kairos Store,Dinnerware / Catering
TKSCUTSF0001,"Starter Fork","Starter Fork for rent in Colombo. Quality starter forks essential for formal dining. ",in stock,new,LKR 30,https://eventrentals.lk/product/starter-fork/,https://eventrentals.lk/wp-content/uploads/2023/02/Fork-Starter1.jpg,The Kairos Store,Catering / Cutlery / Tableware
TKSCUTSK0001,"Starter Knife","Starter knife for rent in Sri Lanka. Perfect for fine dining, wedding receptions, formal events, and catering. High-quality stainless steel cutlery. ",in stock,new,LKR 30,https://eventrentals.lk/product/starter-knife/,https://eventrentals.lk/wp-content/uploads/2023/02/Knife-Starter1.jpg,The Kairos Store,All Products / Cutlery
TKSCUTKN0001,"Dinner Knife","Dinner knife for rent in Sri Lanka. Perfect for fine dining, wedding receptions, formal events, and catering. High-quality stainless steel cutlery. ",in stock,new,LKR 30,https://eventrentals.lk/product/dinner-knife/,https://eventrentals.lk/wp-content/uploads/2023/02/Knife-Starter1.jpg,The Kairos Store,All Products / Cutlery
TKSCUTDS0001,"Dinner Spoons","Dinner spoons for rent in Sri Lanka. Perfect for fine dining, wedding receptions, formal events, and catering. High-quality stainless steel cutlery. ",in stock,new,LKR 30,https://eventrentals.lk/product/dinner-spoons/,https://eventrentals.lk/wp-content/uploads/2023/02/Dessert-Spoon1.jpg,The Kairos Store,All Products / Cutlery
TKSCUTDF0001,"Dinner Forks","Dinner Forks for rent in Colombo. Quality dinner forks essential for formal dining. ",in stock,new,LKR 30,https://eventrentals.lk/product/dinner-forks/,https://eventrentals.lk/wp-content/uploads/2023/02/Fork-Starter1.jpg,The Kairos Store,Catering / Cutlery
JLF0001,"Banquet Chairs","Banquet chairs for rent in Sri Lanka. Available in white and black. Perfect for wedding receptions, corporate events, gala dinners, and conference seating. Elegant and stackable. ",in stock,new,LKR 225,https://eventrentals.lk/product/banquet-chairs/,https://eventrentals.lk/wp-content/uploads/2023/02/Banquet-Chairs-White1.jpg,The Kairos Store,Furniture / All Products
TKSCUTF0012,"Dessert and Starter Fork","Rent Dessert and Starter Fork at Rs.50 for events in Colombo and suburbs. Book online. ",in stock,new,LKR 30,https://eventrentals.lk/product/dessert-fork/,https://eventrentals.lk/wp-content/uploads/2023/02/Fork-Starter1.jpg,The Kairos Store,Cutlery
NILGC0001,"Elegant Gold Cutlery","Rent Elegant Gold Cutleryfor events in Colombo and suburbs. Book online. ",in stock,new,LKR 150,https://eventrentals.lk/product/elegant-gold-cutlery/,https://eventrentals.lk/wp-content/uploads/2023/02/Gold-Cutlery1.jpg,The Kairos Store,Cutlery
TKSCUTTS0001,"Tea Spoon","Tea spoon for rent in Sri Lanka. Quality cutlery for weddings, high-tea events, banquets, and formal dinners. ",in stock,new,LKR 30,https://eventrentals.lk/product/tea-spoon/,https://eventrentals.lk/wp-content/uploads/2023/02/Dessert-Spoon1.jpg,The Kairos Store,All Products / Cutlery
ANSDF0002,"Dance Floor","Dance floor for rent in Colombo. Premium dance floor for weddings, parties, galas, and corporate events. Available in multiple sizes. ",in stock,new,LKR 400,https://eventrentals.lk/product/dance-floor/,https://eventrentals.lk/wp-content/uploads/2023/02/1000097366-1.jpg,The Kairos Store,Furniture
TKSLIGHTS-001,"String Lights","Rent String Lights at Rs.10000 for events in Colombo and suburbs. Book online. ",in stock,new,LKR 10000,https://eventrentals.lk/product/string-lights/,https://eventrentals.lk/wp-content/uploads/2023/02/IMG_20221015_175814-scaled.jpg,The Kairos Store,Lighting
TKSCUTS0001,"Dessert Spoon","Dessert spoon for rent in Sri Lanka. Quality cutlery for weddings, banquets, and formal dinners. ",in stock,new,LKR 30,https://eventrentals.lk/product/dessert-spoon/,https://eventrentals.lk/wp-content/uploads/2023/02/Dessert-Spoon1.jpg,The Kairos Store,All Products / Cutlery
TKSCUTMAIN0001,"Main Course Cutlery","Main Course Cutlery for rent in Colombo. Complete main course cutlery set for formal dining. ",in stock,new,LKR 90,https://eventrentals.lk/product/main-course-cutlery/,https://eventrentals.lk/wp-content/uploads/2023/02/Main-Course-Cutlery-Set1.jpg,The Kairos Store,Cutlery
TKSGWBM0001,"Beer Mugs","Rent Beer Mugs at Rs.100 for events in Colombo and suburbs. Book online. ",in stock,new,LKR 100,https://eventrentals.lk/product/beer-mugs/,https://eventrentals.lk/wp-content/uploads/2023/02/Beer-Mug1.jpg,The Kairos Store,Drinkware
TKSGLSW0003,"Elegant Wine Glass Collection - Sip in Style and Sophistication","Rent Elegant Wine Glass Collection &#8211; Sip in Style and Sophistication at Rs.75 for events in Colombo and suburbs. Book online. ",in stock,new,LKR 75,https://eventrentals.lk/product/wine-glass/,https://eventrentals.lk/wp-content/uploads/2023/02/Wine-Glasses1.jpeg,The Kairos Store,Drinkware
TKSGLHB0001,"Stylish Highball Glasses - Elevate Your Drinking Experience","Rent Stylish Highball Glasses &#8211; Elevate Your Drinking Experience at Rs.75 for events in Colombo and suburbs. Book online. ",in stock,new,LKR 75,https://eventrentals.lk/product/highball-glasses/,https://eventrentals.lk/wp-content/uploads/2023/02/Highball-Glasses1-1.jpg,The Kairos Store,Drinkware
TKSDEC1002,"Gold Bowl","This stunning gold fiber bowl is the perfect addition to any kitchen or dining room. The beautiful golden color is eye-catching and adds a touch of glamour to any table setting. Made from high-quality fiber, this bowl is durable and lightweight, making it easy to handle and move around. Its unique design features a large, spacious bowl with a raised base, allowing for plenty of room for your favorite fruits or other snack items. The fiber adds texture and interest to the design, making it a stan",in stock,new,LKR 500,https://eventrentals.lk/product/gold-bowl/,https://eventrentals.lk/wp-content/uploads/2023/02/Gold-Bowl-Fibre.jpg,The Kairos Store,All Products
TKSDEC1001,"Cake Stand","<div class=""w-full border-b border-black/10 dark:border-gray-900/50 text-gray-800 dark:text-gray-100 group bg-gray-50 dark:bg-[#444654]"">
<div class=""text-base gap-4 md:gap-6 m-auto md:max-w-2xl lg:max-w-2xl xl:max-w-3xl p-4 md:py-6 flex lg:px-0"">
<div class=""relative flex w-[calc(100%-50px)] flex-col gap-1 md:gap-3 lg:w-[calc(100%-115px)]"">
<div class=""flex flex-grow flex-col gap-3"">
<div class=""min-h-[20px] flex flex-col items-start gap-4 whitespace-pre-wrap"">
<div class=""markdown p",in stock,new,LKR 750,https://eventrentals.lk/product/cake-stand/,https://eventrentals.lk/wp-content/uploads/2024/06/1000126848-2.jpg,The Kairos Store,Decor / All Products / Catering
EXT1001,"Par Can Lights","Rent Par Can Lights at Rs.3000 for events in Colombo and suburbs. Book online. ",in stock,new,LKR 3000,https://eventrentals.lk/product/par-can-lights/,https://eventrentals.lk/wp-content/uploads/2023/01/Par-Can-Lights1-1.jpg,The Kairos Store,Sound &amp; Video / Lighting
TKS-LTC006-1-1,"Beautiful Tropical Forest Tablecloth","<h3 id=""beautiful-tropical-forest-tablecloth-🌿"">Beautiful Tropical Forest Tablecloth 🌿</h3>
Transform your event into a vibrant oasis with our <strong>Beautiful Tropical Forest Tablecloth</strong>! 🌴 Perfect for weddings, corporate gatherings, or any celebration that needs a splash of nature-inspired charm. This stunning tablecloth features an intricate design of lush greenery and exotic flora, transporting your guests straight to a tropical paradise without the risk of sunburn! ☀️ 
Crafted fr",in stock,new,LKR 3000,https://eventrentals.lk/product/beautiful-tropical-forest-tablecloth/,https://eventrentals.lk/wp-content/uploads/2023/01/wp-1673492636154.jpg,The Kairos Store,Linen
BENJ0001,"Backup Power Generator for Events","Rent Backup Power Generator for Events at Rs.75000 for events in Colombo and suburbs. Book online. ",in stock,new,LKR 75000,https://eventrentals.lk/product/backup-power-generator-for-events/,https://eventrentals.lk/wp-content/uploads/2023/01/Generator1.jpg,The Kairos Store,Equipment
TKSDEC1007,"Rustic Table Numbers for Weddings","Rustic Table Numbers for Weddings for rent in Colombo. Charming rustic table numbers for weddings and events. ",in stock,new,LKR 200,https://eventrentals.lk/product/rustic-table-numbers-for-weddings/,https://eventrentals.lk/wp-content/uploads/2023/01/1000014295-scaled.jpg,The Kairos Store,Decor
TKS-LTC006-1,"Black Tablecloth","Rent Black Tablecloth at Rs.1000 for events in Colombo and suburbs. Book online. ",in stock,new,LKR 1000,https://eventrentals.lk/product/black-tablecloth/,https://eventrentals.lk/wp-content/uploads/2022/12/Tablecloth-Black1-1-600x600.jpg,The Kairos Store,Linen
TKSDEC1008,"Wedding Contribution Box","Rent Wedding Contribution Box at Rs.4000 for events in Colombo and suburbs. Book online. ",in stock,new,LKR 4000,https://eventrentals.lk/product/wedding-contribution-box/,https://eventrentals.lk/wp-content/uploads/2022/12/wp-1671257789633-scaled.jpg,The Kairos Store,Decor
EXTCHTIFDG-01,"Gorgeous Tiffany Chairs - Dull Gold","Rent Gorgeous Tiffany Chairs &#8211; Dull Gold at Rs.350 for events in Colombo and suburbs. Book online. ",in stock,new,LKR 350,https://eventrentals.lk/product/tiffany-chairs-dull-gold/,https://eventrentals.lk/wp-content/uploads/2022/12/Tiffany-Chairs-Dull-Gold1-2500x2500.jpg,The Kairos Store,Furniture
TKSDEC1011,"Stunning Red Post Box Royal Mail Wedding Contribution","Rent Stunning Red Post Box Royal Mail Wedding Contribution at Rs.4000 for events in Colombo and suburbs. Book online. ",in stock,new,LKR 4000,https://eventrentals.lk/product/post-box-royal-mail-wedding-contribution/,https://eventrentals.lk/wp-content/uploads/2022/12/IMG_20221121_110927.jpg,The Kairos Store,Decor
TKSDEC1010,"Rustic Solid Wooden Ladder Shelf","Rent Rustic Solid Wooden Ladder Shelf at Rs.2500 for events in Colombo and suburbs. Book online. ",in stock,new,LKR 2500,https://eventrentals.lk/product/rustic-solid-wooden-ladder-shelf/,https://eventrentals.lk/wp-content/uploads/2022/11/WhatsApp-Image-2022-11-01-at-16.41.00-1080x1425.jpeg,The Kairos Store,Decor
SHAM1001,"Placemats","Rent Placemats at Rs.300 for events in Colombo and suburbs. Book online. ",in stock,new,LKR 300,https://eventrentals.lk/product/placemats-hemp/,https://eventrentals.lk/wp-content/uploads/2022/03/Hemp-placemat3-750x750.jpg,The Kairos Store,Decor
TKSGAM0002,"Loads of fun Giant Ring Toss Game","Rent Loads of fun Giant Ring Toss Game at Rs.7500 for events in Colombo and suburbs. Book online. ",in stock,new,LKR 7500,https://eventrentals.lk/product/giant-ring-toss/,https://eventrentals.lk/wp-content/uploads/2022/11/Ring-Toss-1.jpg,The Kairos Store,Event Services
TKSGAM0001,"Giant Bean Bag Toss","Rent Giant Bean Bag Toss at Rs.7500 for events in Colombo and suburbs. Book online. ",in stock,new,LKR 7500,https://eventrentals.lk/product/giant-bean-bag-toss/,https://eventrentals.lk/wp-content/uploads/2022/11/Bean-Toss.jpg,The Kairos Store,Event Services
TKS-SUS142-1,"Giant Twister","Rent Giant Twister at Rs.1000 for events in Colombo and suburbs. Book online. ",in stock,new,LKR 1000,https://eventrentals.lk/product/giant-twister/,https://eventrentals.lk/wp-content/uploads/2022/11/Giant-Twister1-500x500.jpg,The Kairos Store,Event Services
TKS-SUS120-1-1,"Outdoor Decorative Cart with Wheels","Rent Outdoor Decorative Cart with Wheels at Rs.10000 for events in Colombo and suburbs. Book online. ",in stock,new,LKR 10000,https://eventrentals.lk/product/outdoor-decorative-cart-with-wheels/,https://eventrentals.lk/wp-content/uploads/2022/11/1000009658.jpg,The Kairos Store,Decor
TKS-SUS120-1,"Candy Cart","Rent Candy Cart at Rs.5000 for events in Colombo and suburbs. Book online. ",in stock,new,LKR 5000,https://eventrentals.lk/product/candy-cart-open-top/,https://eventrentals.lk/wp-content/uploads/2022/11/1000009774-1.jpg,The Kairos Store,Decor
TKSES1001,"Event Photography","Rent Event Photography at Rs.45000 for events in Colombo and suburbs. Book online. ",in stock,new,LKR 45000,https://eventrentals.lk/product/event-photography/,https://eventrentals.lk/wp-content/uploads/2022/10/Photography1.jpg,The Kairos Store,Event Services
TKS-SUS212,"Low Seating Tables","Low Seating Tables for rent in Colombo. Low seating tables perfect for floor seating arrangements at traditional events, mehndi ceremonies, casual lounges, and outdoor gatherings. ",in stock,new,LKR 500,https://eventrentals.lk/product/low-seating-tables/,https://eventrentals.lk/wp-content/uploads/2022/10/WhatsApp-Image-2022-10-08-at-12.43.13.jpeg,The Kairos Store,Decor
TKS-SUS211,"Elegant Ivory Aisle Carpet","Rent Elegant Ivory Aisle Carpetfor events in Colombo and suburbs. Book online. ",in stock,new,LKR 7500,https://eventrentals.lk/product/aisle-carpet/,https://eventrentals.lk/wp-content/uploads/2022/10/Carpet-3.jpg,The Kairos Store,Decor
TKS-SUS209,"Wooden Board 2x3","Rent Wooden Board 2&#215;3 at Rs.5000 for events in Colombo and suburbs. Book online. ",in stock,new,LKR 5000,https://eventrentals.lk/product/wooden-board-2x3/,https://eventrentals.lk/wp-content/uploads/2022/10/Wooden-Board1-700x526-e1672311289668.jpg,The Kairos Store,Decor
TKSGLWIS0001,"Whiskey Glasses","Rent Whiskey Glasses at Rs.60 for events in Colombo and suburbs. Book online. ",in stock,new,LKR 60,https://eventrentals.lk/product/whiskey-glasses/,https://eventrentals.lk/wp-content/uploads/2022/09/Whiskey-Glasses1.jpg,The Kairos Store,Drinkware
TKS-SUS197,"Chafing Dishes","Rent Chafing Dishes at Rs.1500 for events in Colombo and suburbs. Book online. ",in stock,new,LKR 1000,https://eventrentals.lk/product/chafing-dishes/,https://eventrentals.lk/wp-content/uploads/2022/09/Chafing-Dishes1.jpeg,The Kairos Store,Catering
TKS-SUS195,"Industrial Fan","Rent Industrial Fan at Rs.2000 for events in Colombo and suburbs. Book online. ",in stock,new,LKR 2000,https://eventrentals.lk/product/industrial-fan/,https://eventrentals.lk/wp-content/uploads/2022/09/Industrial-Fan1.jpg,The Kairos Store,All Products / Equipment / Event Essentials
TKS-SUS191,"Straw Mat","Straw mat for rent in Sri Lanka. Perfect for floor seating, outdoor events, picnics, traditional ceremonies, and casual gathering spaces. ",in stock,new,LKR 200,https://eventrentals.lk/product/straw-mat/,https://eventrentals.lk/wp-content/uploads/2022/09/mats1.jpg,The Kairos Store,All Products / Decor
TKS-SUS190,"Table Numbers - Wooden Blocks","Table Numbers &#8211; Wooden Blocks for rent in Colombo. Beautiful wooden block table numbers for weddings and events. ",in stock,new,LKR 200,https://eventrentals.lk/product/table-numbers-wooden-blocks/,https://eventrentals.lk/wp-content/uploads/2022/08/table-Numbers1-4.jpg,The Kairos Store,Decor
TKS-SUS189,"Table Numbers - Gold Frame - Customizable","Table Numbers &#8211; Gold Frame &#8211; Customizable for rent in Colombo. Elegant gold frame table numbers, customizable for your event. ",in stock,new,LKR 200,https://eventrentals.lk/product/table-numbers-gold-frame/,https://eventrentals.lk/wp-content/uploads/2022/08/Gold-Table-Frame-2.jpeg,The Kairos Store,Decor
TKS-SUS188,"Table Number Stand - White Ornate","White ornate table number stand with chalkboard surface for rent in Colombo. Use for table numbers or dish names at weddings, buffets, and formal events. ",in stock,new,LKR 200,https://eventrentals.lk/product/table-number-stand-white-ornate/,https://eventrentals.lk/wp-content/uploads/2022/08/WhatsApp-Image-2022-08-31-at-11.49.04-AM.jpeg,The Kairos Store,Decor
TKS-SUS187,"Wooden Table Numbers","Wooden table numbers for rent in Sri Lanka. Perfect for wedding receptions, event seating, and table identification. Elegant and reusable for any occasion. ",in stock,new,LKR 250,https://eventrentals.lk/product/wooden-table-numbers/,https://eventrentals.lk/wp-content/uploads/2022/08/Wooden-table-Numbers1.jpg,The Kairos Store,All Products / Decor
TKS-SUS186,"Large Gold Picture Frame with Glass","Rent Large Gold Picture Frame with Glass at Rs.7500 for events in Colombo and suburbs. Book online. ",in stock,new,LKR 7500,https://eventrentals.lk/product/large-gold-picture-frame-with-glass/,https://eventrentals.lk/wp-content/uploads/2022/08/Welcome-Glass-Frame1.jpg,The Kairos Store,Decor
TKS-SUS184,"Mason Jars","Clear glass mason jars for rent in Sri Lanka. Perfect for rustic wedding centrepieces, table decor, drinkware, and candle holders. A versatile decor essential. ",in stock,new,LKR 100,https://eventrentals.lk/product/mason-jars/,https://eventrentals.lk/wp-content/uploads/2022/08/1000254983.jpg,The Kairos Store,All Products / Decor
TKS-SUS181,"Welcome Board with Wooden Easel","Rent Welcome Board with Wooden Easel at Rs.5000 for events in Colombo and suburbs. Book online. ",in stock,new,LKR 5000,https://eventrentals.lk/product/welcome-board-with-wooden-easel/,https://eventrentals.lk/wp-content/uploads/2022/10/Wooden-Board1-700x526-e1672311289668.jpg,The Kairos Store,Decor
TKS-SUS180,"Wooden Itinerary","Wooden itinerary board for rent in Sri Lanka. Perfect for wedding schedules, event programmes, welcome signage, and day-of coordination displays. Elegant and reusable. ",in stock,new,LKR 15000,https://eventrentals.lk/product/wooden-itinerary/,https://eventrentals.lk/wp-content/uploads/2022/08/Itinerary1.jpg,The Kairos Store,All Products / Decor
TKS-SUS179,"Candles - Clear Unscented","Rent Candles &#8211; Clear Unscentedfor events in Colombo and suburbs. Book online. ",in stock,new,LKR 60,https://eventrentals.lk/product/candles-clear-unscented/,https://eventrentals.lk/wp-content/uploads/2022/08/Candles1.jpg,The Kairos Store,All Products / Candles / Decor
TKS-SUS177,"Luxurious Napkins for Elegant Table Settings","Rent Luxurious Napkins for Elegant Table Settingsfor events in Colombo and suburbs. Book online. ",in stock,new,LKR 250,https://eventrentals.lk/product/napkins/,https://eventrentals.lk/wp-content/uploads/2022/08/Napkin1.jpg,The Kairos Store,Linen
TKS-SUS176,"Exquisite Table Runners for Elegant Tablescapes","Rent Exquisite Table Runners for Elegant Tablescapesfor events in Colombo and suburbs. Book online. ",in stock,new,LKR 200,https://eventrentals.lk/product/dusty-brown-satin-table-runners/,https://eventrentals.lk/wp-content/uploads/2022/12/IMG_20221115_233948_153-1440x1440.jpg,The Kairos Store,Linen / Decor
TKS-SUS175,"Mirror for Frame 2ft x 2ft","Rent Mirror for Frame 2ft x 2ft at Rs.2500 for events in Colombo and suburbs. Book online. ",in stock,new,LKR 2500,https://eventrentals.lk/product/mirror-for-frame-2ft-x-2ft/,https://eventrentals.lk/wp-content/uploads/2022/08/Square-Mirror1.jpeg,The Kairos Store,Decor
TKS-SUS174,"Frames and Easels: The Art of Elegant Display","Rent Frames and Easels: The Art of Elegant Displayfor events in Colombo and suburbs. Book online. ",in stock,new,LKR 4000,https://eventrentals.lk/product/picture-frames-and-easels/,https://eventrentals.lk/wp-content/uploads/2022/12/IMG_20221116_021410_696.jpg,The Kairos Store,Decor
TKS-SUS173,"Gold Ornate Frames 2ft x 2ft","Rent Gold Ornate Frames 2ft x 2ft at Rs.5000 for events in Colombo and suburbs. Book online. ",in stock,new,LKR 5000,https://eventrentals.lk/product/gold-ornate-frames-2ft-x-2ft/,https://eventrentals.lk/wp-content/uploads/2022/08/Gold-Ornate-Frame-Square1-1.jpg,The Kairos Store,Decor
TKS-SUS167,"Luxurious Throw Cushions for Stylish Seating","Rent Luxurious Throw Cushions for Stylish Seating at Rs.250 for events in Colombo and suburbs. Book online. ",in stock,new,LKR 250,https://eventrentals.lk/product/throw-cushions-2x2/,https://eventrentals.lk/wp-content/uploads/2022/08/Satin-Dull-Gold.jpg,The Kairos Store,Decor
TKS-SUS164,"Candle Holders - Tea Light Ikea","Candle Holders &#8211; Tea Light Ikea for rent in Colombo. Elegant IKEA tea light candle holders that create a warm, romantic glow for weddings, dinner tables, and events. ",in stock,new,LKR 100,https://eventrentals.lk/product/candle-holders-tea-light-ikea/,https://eventrentals.lk/wp-content/uploads/2022/08/Lantern-Tea-Light1.jpg,The Kairos Store,Decor
TKS-SUS163,"Rose Gold Lantern","Rent Rose Gold Lanternfor events in Colombo and suburbs. Book online. ",in stock,new,LKR 1000,https://eventrentals.lk/product/lantern-rose-gold/,https://eventrentals.lk/wp-content/uploads/2022/08/Rose-Gold-Lantern1-1.jpg,The Kairos Store,Decor
TKS-SUS161,"Kids Party Table","Rent 2 kids party tables for Rs.2500 for events in Colombo and suburbs. Book online. ",in stock,new,LKR 2500,https://eventrentals.lk/product/kids-party-table/,https://eventrentals.lk/wp-content/uploads/2022/08/IMG_2242-scaled.jpg,The Kairos Store,Furniture
TKS-SUS158,"Mirror with Easel","Mirror with easel for rent in Sri Lanka. Perfect for wedding decor, event signage, dressing rooms, and photo booth props. Elegant and easy to set up. ",in stock,new,LKR 2500,https://eventrentals.lk/product/mirror-with-easel/,https://eventrentals.lk/wp-content/uploads/2022/05/WhatsApp-Image-2022-05-23-at-4.54.21-PM.jpeg,The Kairos Store,All Products / Decor
TKS-SUS154,"Mirror for Frame 2ft x 3ft","Rent Mirror for Frame 2ft x 3ft at Rs.1000 for events in Colombo and suburbs. Book online. ",in stock,new,LKR 1000,https://eventrentals.lk/product/mirror-for-frame/,https://eventrentals.lk/wp-content/uploads/2022/05/Mirror1.jpg,The Kairos Store,Decor
TKS-SUS151,"Cocktail Tables","<h3 id=""cocktail-tables"">Received Cocktail Tables</h3>
Get ready to shake things up with our stylish <strong>Cocktail Tables</strong>! 🍹 Perfect for mingling, these tables are the go-to choice for any event that requires a little pizzazz. 
<iframe title=""August 25, 2025"" width=""563"" height=""1000"" src=""https://www.youtube.com/embed/a6ibHE9ogVM?feature=oembed""  allow=""accelerometer; autoplay; clipboard-write; encrypted-media; gyroscope; picture-in-picture; web-share"" referrerpolicy=""s",in stock,new,LKR 2500,https://eventrentals.lk/product/cocktail-tables/,https://eventrentals.lk/wp-content/uploads/2022/05/6fbee4f9c8506f75cb259dc003e1991a.jpeg,The Kairos Store,Bars / All Products / Decor / Drunken Lankan / Furniture
JLFTKS0042,"Elegant Cross Back Chairs for Stunning Events","Rent Elegant Cross Back Chairs for Stunning Events at Rs.450 for events in Colombo and suburbs. Book online. ",in stock,new,LKR 450,https://eventrentals.lk/product/cross-back-chairs-dark/,https://eventrentals.lk/wp-content/uploads/2022/05/Cross-Back-Chairs-Dark1.jpg,The Kairos Store,Furniture
TKS-SUS149,"Cross Back Chairs Dark Tan","Cross Back Chairs Dark Tan: Elevate your event space with our stylish and comfortable Cross Back Chairs. Crafted from durable wood, these chairs feature a classic cross back design that adds a touch of elegance to any décor. The dark tan finish complements a wide range of color schemes, creating a warm and inviting ambiance. Enjoy the comfort of the contoured seat and supportive backrest, ensuring a pleasant dining experience. ",in stock,new,LKR 350,https://eventrentals.lk/product/cross-back-chairs-dark-tan/,https://eventrentals.lk/wp-content/uploads/2022/05/Crossback-Dark-Tan-5.webp,The Kairos Store,Furniture
EXTCHTIFG-01,"Gold Tiffany Chairs","Rent Gold Tiffany Chairs at Rs.300 for events in Colombo and suburbs. Book online. ",in stock,new,LKR 300,https://eventrentals.lk/product/tiffany-chairs-gold/,https://eventrentals.lk/wp-content/uploads/2022/05/Gold-Tiffany-Chairs1-1.jpg,The Kairos Store,Furniture
EXTMARQ001,"Marquee Tents","Introducing our stunning clear marquee (German Marquee) tent with an elegant A-shaped roof. This transparent marvel adds a touch of sophistication to any event. Perfect for weddings and corporate gatherings, it creates an enchanting ambiance while providing shelter. Contact Eventrentals.lk in Colombo, Sri Lanka. 
<em><strong>The width or the &#8220;A&#8221; side as it is commonly described comes in three sizing options. 20ft, 40ft, and 60ft.</strong></em> 
<iframe title=""The Stunning Clear Marq",in stock,new,LKR 32000,https://eventrentals.lk/product/marquee-tents/,https://eventrentals.lk/wp-content/uploads/2022/05/Marquee-Tent1-2.jpg,The Kairos Store,All Products / Furniture / Stunning Structures
TKS-SUS142,"Giant Jenga for Rent","Rent Giant Jenga for Rent at Rs.7500 for events in Colombo and suburbs. Book online. ",in stock,new,LKR 7500,https://eventrentals.lk/product/giant-jenga-for-rent/,https://eventrentals.lk/wp-content/uploads/2022/05/Giant-Jenga1.png,The Kairos Store,Decor
TKS-SUS133,"Tables","Rent Tablesfor events in Colombo and suburbs. Book online. ",in stock,new,LKR 750,https://eventrentals.lk/product/multi-purpose-table/,https://eventrentals.lk/wp-content/uploads/2023/06/5.jpg,The Kairos Store,Furniture
EXTCHTIFW-01,"Classic White Tiffany Chairs","Rent Classic White Tiffany Chairs at Rs.400 for events in Colombo and suburbs. Book online. ",in stock,new,LKR 400,https://eventrentals.lk/product/tiffany-chairs-white/,https://eventrentals.lk/wp-content/uploads/2022/05/White-Tiffany-Chair1.jpg,The Kairos Store,Furniture
TKS-SUS126,"Versatile Wooden Ottoman Divans - Stylish Seating and Decorative Accents","Elevate your event with versatile Wooden Ottoman Divans &#8211; stylish seating and decorative accents in customizable colors. Create a cozy ambiance and eco-friendly environment with these elegant divans. Set includes long couch, humpty&#8217;s, coffee table, and cushions. ",in stock,new,LKR 6000,https://eventrentals.lk/product/divan-couch/,https://eventrentals.lk/wp-content/uploads/2022/03/OOO_2607.jpg,The Kairos Store,Furniture / Decor
INDIB0001,"Ice Bucket","Ice bucket for rent in Sri Lanka. Perfect for party drink service, event catering, bar setups, and wedding receptions. Keeps drinks chilled all event long. ",in stock,new,LKR 1500,https://eventrentals.lk/product/ice-bucket/,https://eventrentals.lk/wp-content/uploads/2022/03/Ice-Bucket1.jpg,The Kairos Store,All Products / Event Essentials
TKS-SUS124,"Barn Table","Barn Table for rent in Colombo. Rustic barn table perfect for weddings, corporate events, and rustic-themed celebrations. ",in stock,new,LKR 3000,https://eventrentals.lk/product/barn-table/,https://eventrentals.lk/wp-content/uploads/2022/03/Barn-Table-2-2348x1565.jpg,The Kairos Store,Furniture
TKS-SUS123,"Cozy Bean Bags for Relaxed Seating and Lounging Pleasure","Rent Cozy Bean Bags for Relaxed Seating and Lounging Pleasurefor events in Colombo and suburbs. Book online. ",in stock,new,LKR 1500,https://eventrentals.lk/product/bean-bags-white/,https://eventrentals.lk/wp-content/uploads/2022/03/EventRentals.lk-Bean-Bag-Black-2.jpg,The Kairos Store,Furniture
TKS-SUS121,"Bamboo Fire Torch With Can","Bamboo fire torch for rent in Colombo. Tropical outdoor lighting for events. ",in stock,new,LKR 300,https://eventrentals.lk/product/bamboo-fire-torch-with-can/,https://eventrentals.lk/wp-content/uploads/2022/03/Bamboo-Fire-Torch1.jpg,The Kairos Store,Decor
TKS-SUS118,"Signage Direction Post","Rent Signage Direction Post at Rs.1000 for events in Colombo and suburbs. Book online. ",in stock,new,LKR 1000,https://eventrentals.lk/product/signage-direction-post/,https://eventrentals.lk/wp-content/uploads/2022/03/Direction-Post.jpg,The Kairos Store,Decor
TKS-SUS113,"Gold Moroccan Lanterns","Rent Gold Moroccan Lanterns for events in Colombo and suburbs. Book online. ",in stock,new,LKR 500,https://eventrentals.lk/product/moroccan-lanterns/,https://eventrentals.lk/wp-content/uploads/2022/03/WhatsApp-Image-2022-09-23-at-17.33.07.jpeg,The Kairos Store,Decor / Lighting
TKS-FSF914,"Round Wooden Bar","Rent a premium Round Wooden Bar for events in Colombo and suburbs. Full Bar Rs.80,000 / Half Bar Rs.45,000. Book online. ",in stock,new,LKR 45000,https://eventrentals.lk/product/round-wooden-bar/,https://eventrentals.lk/wp-content/uploads/2022/03/Round-Bar.jpeg,The Kairos Store,All Products / Bars / Furniture
TKS-FSF912,"Wedding Gazebo - Wrought Iron Structure","Wrought iron wedding gazebo for rent in Colombo. Stunning ceremony structure for weddings, vow exchanges, and photo backdrops. ",in stock,new,LKR 300000,https://eventrentals.lk/product/wedding-gazebo-wrought-iron-structure/,https://eventrentals.lk/wp-content/uploads/2022/03/Gazebo-2.jpg,The Kairos Store,Stunning Structures
TKS-SUS103,"Wooden Beeda Box Vendor Tray","Rent Wooden Beeda Box Vendor Tray at Rs.250 for events in Colombo and suburbs. Book online. ",in stock,new,LKR 250,https://eventrentals.lk/product/wooden-tray/,https://eventrentals.lk/wp-content/uploads/2022/03/Beeda-box-tray1-2500x1667.jpg,The Kairos Store,Decor
TKS-SUS100,"White Flex Runway","Rent White Flex Runway from 8ft to 40ft for events in Colombo and suburbs. From Rs.10,000. Book online. ",in stock,new,LKR 10000,https://eventrentals.lk/product/white-flex/,https://eventrentals.lk/wp-content/uploads/2022/03/Off-White-Carpet-2.jpg,The Kairos Store,Decor
TKS-SUS099,"Beautiful Gold Rimmed Charger Plates","Rent Beautiful Gold Rimmed Charger Plates at Rs.200 for events in Colombo and suburbs. Book online. ",in stock,new,LKR 200,https://eventrentals.lk/product/beautiful-gold-rimmed-charger-plates/,https://eventrentals.lk/wp-content/uploads/2022/12/IMG_20221115_233948_153-1440x1440.jpg,The Kairos Store,Fine Dining
TKS-SUS046,"Placemats - Seaweed Macrame","Rent Placemats &#8211; Seaweed Macrame at Rs.200 for events in Colombo and suburbs. Book online. ",in stock,new,LKR 200,https://eventrentals.lk/product/placemats/,https://eventrentals.lk/wp-content/uploads/2022/03/Place-Mats-3.jpeg,The Kairos Store,Decor / Fine Dining
TKS-SUSLAN040,"Silver Lanterns","Silver lanterns for rent in Colombo. Elegant lanterns for evening events, weddings, garden parties, and outdoor celebrations. ",in stock,new,LKR 1000,https://eventrentals.lk/product/rose-gold-lanterns/,https://eventrentals.lk/wp-content/uploads/2022/03/1000098341.jpg,The Kairos Store,Decor
TKS-SUS039,"Ikea Table Decor Candle Light","The IKEA Table Decor Candle Light holders are a perfect way to add a touch of sophistication and elegance to your event. With a sleek and modern design, these candle holders are a great option for weddings, corporate events, and other special occasions. ",in stock,new,LKR 200,https://eventrentals.lk/product/ikea-lantern-for-tea-light/,https://eventrentals.lk/wp-content/uploads/2022/10/1000004882.jpg,The Kairos Store,Decor
TKS-SUS031,"Welcome Sign And Easel","Welcome sign with wrought iron easel and white 2&#215;3 ft wooden frame for rent in Colombo. Elegant event signage. Frame can be used with or without the easel. ",in stock,new,LKR 5000,https://eventrentals.lk/product/welcome-sign-and-easel/,https://eventrentals.lk/wp-content/uploads/2022/03/8X8A2893-1.jpg,The Kairos Store,Decor
TKS-G1013,"Candle Jars (S) - Glass Green","Small green glass candle jars for rent in Sri Lanka. Perfect as tea light holders, table decor, wedding centrepieces, and ambient lighting at events. ",in stock,new,LKR 200,https://eventrentals.lk/product/candle-jars-s-glass-green/,https://eventrentals.lk/wp-content/uploads/2026/06/candle-jar-green-main.jpg,The Kairos Store,All Products
TKS-G1012,"Green Glass Candle Jars","Rent Green Glass Candle Jars at Rs.250 for events in Colombo and suburbs. Book online. ",in stock,new,LKR 250,https://eventrentals.lk/product/candle-jars-m-glass-green/,,The Kairos Store,Decor
TKS-G1006,"Glass Juice Dispenser 8Ltr","Rent Glass Juice Dispenser 8Ltr at Rs.1500 for events in Colombo and suburbs. Book online. ",in stock,new,LKR 1000,https://eventrentals.lk/product/glass-juice-dispenser/,https://eventrentals.lk/wp-content/uploads/2022/03/Glass-Juice-Dispenser1.jpg,The Kairos Store,Catering
TKS-G1004,"Elegant Crystal-Clear Square Vase W4"" x H4""","Rent Elegant Crystal-Clear Square Vase W4&#8243; x H4&#8243; at Rs.250 for events in Colombo and suburbs. Book online. ",in stock,new,LKR 250,https://eventrentals.lk/product/clear-glass-square-vase-short/,https://eventrentals.lk/wp-content/uploads/2022/03/Square-Glass-Vase3.jpeg,The Kairos Store,Decor
TKS-FSF913,"Beautiful Champagne Skirt","Rent Beautiful Champagne Skirt at Rs.25000 for events in Colombo and suburbs. Book online. ",in stock,new,LKR 25000,https://eventrentals.lk/product/beautiful-champagne-skirt/,https://eventrentals.lk/wp-content/uploads/2022/03/Champagne-Sturcture-2.jpg,The Kairos Store,All Products / Decor / Event Services / Personnel / Props
TKS-FSF911,"Mandap Furniture","Rent Mandap Furniture at Rs.30,000 for events in Colombo and suburbs. Includes bride and groom throne seating. Book online. ",in stock,new,LKR 30000,https://eventrentals.lk/product/traditional-gujarati-9-piece-mandap-seating/,https://eventrentals.lk/wp-content/uploads/2022/03/Mandap-1.jpg,The Kairos Store,Furniture
TKS-FSF901,"Wishing Well","Wishing well for rent in Colombo. Romantic wedding tradition for cards and well-wishes. Structure provided by EventRentals.lk — florals added by your event team. ",in stock,new,LKR 4000,https://eventrentals.lk/product/wishing-well/,https://eventrentals.lk/wp-content/uploads/2022/05/Wishing-Well.jpeg,The Kairos Store,Decor
TKS-SUS002,"Table Numbers Small Wooden Easel Frame","Wooden easel table numbers for rent in Colombo. Charming frames for wedding table numbers, receptions, and formal dinners. ",in stock,new,LKR 100,https://eventrentals.lk/product/table-numbers-small-wooden-easel-frame/,https://eventrentals.lk/wp-content/uploads/2022/03/ERAD-W341-05460.jpg,The Kairos Store,Decor
TKS-FSF924,"Easel - (L) White","Rent Easel &#8211; (L) White at Rs.1000 for events in Colombo and suburbs. Book online. ",in stock,new,LKR 1000,https://eventrentals.lk/product/easel-l-wooden-white/,https://eventrentals.lk/wp-content/uploads/2022/03/easel.jpg,The Kairos Store,Decor
TKS-FSF923,"Easel - Wrought Iron","Wrought iron easel for rent in Sri Lanka. Perfect for event signage, wedding decor, menu display, and photo display at events. Sturdy and elegant. ",in stock,new,LKR 1000,https://eventrentals.lk/product/easel-wrought-iron/,https://eventrentals.lk/wp-content/uploads/2022/03/Wrought-Iron-Easel.jpg,The Kairos Store,All Products / Decor
TKS-FSF922,"Easel - (L) Wooden","Large wooden easel for rent in Sri Lanka. Perfect for welcome signs, art displays, event signage, and wedding decor. Natural wood finish suits any theme. ",in stock,new,LKR 1000,https://eventrentals.lk/product/easel-l-wooden/,https://eventrentals.lk/wp-content/uploads/2022/03/wooden-Easel1.jpg,The Kairos Store,All Products / Decor
TKS-LDT610,"Drapes - Gold","Rent Drapes &#8211; Gold at Rs.2500 for events in Colombo and suburbs. Book online. ",in stock,new,LKR 2500,https://eventrentals.lk/product/drapes-gold-mesh/,https://eventrentals.lk/wp-content/uploads/2023/03/IMG_20230306_203447.jpg,The Kairos Store,Decor
TKS-LCC505,"Floor Cushions","Floor cushions for rent in Colombo. Comfortable colourful cushions for casual seating at outdoor events, garden parties, and kids&#8217; events. ",in stock,new,LKR 400,https://eventrentals.lk/product/floor-cushions/,https://eventrentals.lk/wp-content/uploads/2022/08/Blue-Cushions1.jpg,The Kairos Store,Decor
TKS-LTC011,"Tablecloth - Linen (Amu Redi)","Rent Tablecloth &#8211; Linen (Amu Redi) for events in Colombo and suburbs. Book online. ",in stock,new,LKR 3000,https://eventrentals.lk/product/tablecloth-linen-amu-redi/,https://eventrentals.lk/wp-content/uploads/2022/05/Raw-Linen-Tablecloth1-1.jpg,The Kairos Store,Linen
TKS-LTC006,"Brilliant White Tablecloth","Rent Brilliant White Tablecloth at Rs.2750 for events in Colombo and suburbs. Book online. ",in stock,new,LKR 2750,https://eventrentals.lk/product/brilliant-white-tablecloth/,https://eventrentals.lk/wp-content/uploads/2022/05/White-Tablecloth1-1.jpg,The Kairos Store,Linen
TKS-LTC005,"Tablecloth - White Velvet","Rent Tablecloth &#8211; White Velvet at Rs.2750 for events in Colombo and suburbs. Book online. ",in stock,new,LKR 2750,https://eventrentals.lk/product/tablecloth-white-velvet/,https://eventrentals.lk/wp-content/uploads/2022/03/Velvet-Fabrics-White.jpg,The Kairos Store,Linen
TKS-LTC003,"Tablecloth - Sequined Rose Gold","Sequined rose gold tablecloth for rent in Colombo. Glamorous sparkle linen for weddings, engagement parties, and celebrations. ",in stock,new,LKR 2750,https://eventrentals.lk/product/tablecloth-sequined-rose-gold/,https://eventrentals.lk/wp-content/uploads/2022/03/4fda2487-9785-4daa-8d30-3d646d31a3b8-1_all_119687.jpg,The Kairos Store,Linen